id,first_name,last_name,email,phone
1,Kathleen,Ferguson,kferguson0@constantcontact.com,(271)120-0994
2,Larry,Richardson,lrichardson1@ibm.com,(325)733-1599
3,Cynthia,Peterson,cpeterson2@cnet.com,(694)944-6709
4,Joshua,Grant,jgrant3@1und1.de,(574)599-7968
5,Jimmy,Cook,jcook4@apache.org,(219)469-1342
6,Steven,Ortiz,sortiz5@telegraph.co.uk,(129)575-7433
7,Mary,Mitchell,mmitchell6@google.co.jp,(767)828-8738
8,Beverly,Ruiz,bruiz7@loc.gov,(300)827-4695
9,Chris,Hamilton,chamilton8@github.com,(156)911-6779
10,Judith,Davis,jdavis9@go.com,(345)767-9958
11,Jonathan,Alexander,jalexandera@howstuffworks.com,(399)573-8620
12,Louise,Hayes,lhayesb@amazon.de,(476)338-9782
13,Rose,Watkins,rwatkinsc@ocn.ne.jp,(737)970-9445
14,Robert,Hanson,rhansond@ezinearticles.com,(490)437-7979
15,Louise,Matthews,lmatthewse@google.co.jp,(717)601-6344
16,Samuel,Mendoza,smendozaf@economist.com,(304)511-6040
17,Stephen,Ryan,sryang@wikia.com,(937)799-8136
18,Philip,Franklin,pfranklinh@gmpg.org,(773)160-1089
19,Pamela,Hunter,phunteri@google.com.br,(464)870-1244
20,Jimmy,Lee,jleej@prlog.org,(217)526-0003
21,Martha,Jacobs,mjacobsk@addthis.com,(850)856-8245
22,Sandra,Warren,swarrenl@google.com,(344)574-2628
23,Frank,Woods,fwoodsm@mlb.com,(408)117-8052
24,William,Franklin,wfranklinn@themeforest.net,(921)274-9856
25,Stephen,Rogers,srogerso@woothemes.com,(900)292-7528
26,Jack,Mills,jmillsp@twitpic.com,(459)827-1193
27,Patrick,Willis,pwillisq@feedburner.com,(457)745-5614
28,Elizabeth,Stephens,estephensr@google.cn,(285)238-1835
29,William,Green,wgreens@accuweather.com,(852)167-7613
30,Joshua,Watson,jwatsont@army.mil,(572)389-1460
31,Frank,Montgomery,fmontgomeryu@foxnews.com,(243)557-5408
32,Gary,Wells,gwellsv@purevolume.com,(824)521-8357
33,Raymond,Kennedy,rkennedyw@pcworld.com,(256)170-3104
34,Joe,Taylor,jtaylorx@sitemeter.com,(218)926-0424
35,William,Gonzalez,wgonzalezy@google.fr,(671)377-8778
36,Edward,Elliott,eelliottz@google.com.br,(143)125-8152
37,Martin,Torres,mtorres10@alexa.com,(257)515-2481
38,Stephanie,Simmons,ssimmons11@trellian.com,(208)249-3593
39,Brandon,Williamson,bwilliamson12@pbs.org,(221)573-2037
40,Jonathan,Watson,jwatson13@example.com,(761)410-6841
41,Justin,Alvarez,jalvarez14@i2i.jp,(630)514-3293
42,William,Hunt,whunt15@netvibes.com,(159)746-1813
43,Ruth,Harrison,rharrison16@bluehost.com,(174)743-2047
44,Justin,George,jgeorge17@washington.edu,(896)794-5037
45,Andrew,Nelson,anelson18@wikimedia.org,(125)397-7374
46,Joshua,Ellis,jellis19@unc.edu,(395)199-7611
47,Harold,Evans,hevans1a@cbsnews.com,(528)663-8259
48,Theresa,Wells,twells1b@addtoany.com,(319)996-5911
49,Frances,Lane,flane1c@google.de,(569)823-7477
50,Phillip,Moore,pmoore1d@nature.com,(780)510-9396
51,Julia,Hernandez,jhernandez1e@freewebs.com,(458)515-5694
52,Peter,Garcia,pgarcia1f@disqus.com,(804)956-8105
53,Adam,Brooks,abrooks1g@baidu.com,(340)988-2349
54,Kathleen,Watson,kwatson1h@whitehouse.gov,(540)611-0115
55,Louis,Elliott,lelliott1i@tamu.edu,(162)741-7155
56,Kelly,Arnold,karnold1j@guardian.co.uk,(575)256-1440
57,Samuel,Berry,sberry1k@netvibes.com,(243)938-9035
58,Timothy,Dixon,tdixon1l@spiegel.de,(762)585-8083
59,Joshua,Chavez,jchavez1m@smh.com.au,(243)714-4753
60,Louise,Lawrence,llawrence1n@amazon.de,(216)798-5593
61,Deborah,Fields,dfields1o@google.co.jp,(130)112-0308
62,Andrea,Graham,agraham1p@webnode.com,(741)383-7341
63,Tina,Wells,twells1q@ovh.net,(614)240-4820
64,Todd,Meyer,tmeyer1r@dell.com,(353)456-3204
65,Nicholas,Alvarez,nalvarez1s@scribd.com,(779)986-9791
66,Daniel,Ruiz,druiz1t@uol.com.br,(412)781-0409
67,Fred,Welch,fwelch1u@earthlink.net,(254)616-4132
68,Marilyn,Tucker,mtucker1v@digg.com,(110)687-7397
69,Marie,Murphy,mmurphy1w@quantcast.com,(586)316-0146
70,Pamela,Schmidt,pschmidt1x@illinois.edu,(787)903-5534
71,Kimberly,Parker,kparker1y@liveinternet.ru,(506)317-5218
72,Louis,Cox,lcox1z@live.com,(580)795-7526
73,Jimmy,Ross,jross20@cisco.com,(182)240-9176
74,Albert,Adams,aadams21@reuters.com,(449)522-4479
75,Susan,Edwards,sedwards22@liveinternet.ru,(111)655-5063
76,Kenneth,Ramirez,kramirez23@posterous.com,(794)259-6372
77,Denise,Kennedy,dkennedy24@blinklist.com,(893)206-3967
78,Victor,Richardson,vrichardson25@biglobe.ne.jp,(450)100-9284
79,Christina,Cox,ccox26@china.com.cn,(749)114-9294
80,Carolyn,Jones,cjones27@wp.com,(312)510-3793
81,Harry,Hill,hhill28@lulu.com,(366)254-5975
82,Carl,Evans,cevans29@histats.com,(122)389-2884
83,Nancy,Owens,nowens2a@engadget.com,(480)541-8449
84,Ronald,Price,rprice2b@ucoz.com,(813)951-7657
85,Irene,Reid,ireid2c@blogs.com,(812)758-8357
86,Scott,Franklin,sfranklin2d@sina.com.cn,(418)414-3110
87,Beverly,Thomas,bthomas2e@odnoklassniki.ru,(666)145-3261
88,Jose,Mason,jmason2f@gmpg.org,(220)458-1048
89,Diana,Flores,dflores2g@miitbeian.gov.cn,(794)485-0111
90,Frances,Young,fyoung2h@walmart.com,(333)201-9369
91,Jane,Cox,jcox2i@posterous.com,(437)755-3638
92,Martha,Ortiz,mortiz2j@nasa.gov,(274)550-4561
93,Howard,Morgan,hmorgan2k@marketwatch.com,(343)194-2741
94,Pamela,Lawrence,plawrence2l@360.cn,(547)413-2669
95,Brenda,Rodriguez,brodriguez2m@theglobeandmail.com,(493)100-1491
96,Doris,Hayes,dhayes2n@alibaba.com,(870)787-2572
97,Victor,Johnson,vjohnson2o@ow.ly,(244)396-4158
98,Walter,Hanson,whanson2p@quantcast.com,(867)261-9656
99,Johnny,Wright,jwright2q@parallels.com,(947)338-7093
100,Wayne,Olson,wolson2r@house.gov,(750)394-3798
